Symbol,Name,Last,Change,%Chg,High,Low,Volume,Time
AAN,"Aarons Holdings Company",14.33,0.17,+1.20%,14.59,14.23,170236,"15:08 ET"
AAON,"Aaon Inc",76.51,0.54000000000001,+0.71%,76.96,70.31,58526,"15:06 ET"
AAT,"American Assets Trust",27.63,0.49,+1.81%,27.73,27.125,131207,"15:09 ET"
AAWW,"Atlas Air Ww",101.75,0.25,+0.25%,102.03,101.55,424509,"15:02 ET"
ABCB,"Ameris Bancorp",48.8,0.5,+1.04%,49.23,48.25,82595,"15:10 ET"
ABG,"Asbury Automotive Group Inc",193.23,1.26,+0.66%,194.37,188.37,85857,"15:13 ET"
ABM,"ABM Industries Inc",46,0.090000000000003,+0.20%,46.36,45.54,150066,"15:12 ET"
ACA,"Arcosa Inc",58.28,0.49,+0.85%,58.24,57.34,76500,"15:08 ET"
ACLS,"Axcelis Tech Inc",96.49,1.05,+1.10%,99.23,94.84,323522,"15:13 ET"
ADC,"Agree Realty Corp",74.93,1.26,+1.71%,75.095,73.67,283754,"15:14 ET"
ADEA,"Adeia Inc",10.97,0.13,+1.20%,11.05,10.8,210152,"15:14 ET"
ADTN,"Adtran Holdings Inc",19.65,0.4,+2.08%,20.21,19.47,281897,"15:12 ET"
ADUS,"Addus Homecare Corp",102.81,0.66,+0.65%,103.33,100.79,34876,"15:04 ET"
AEIS,"Advanced Energy",93.6,1.29,+1.40%,93.79,91.085,69362,"15:12 ET"
AEL,"American Equity Investment Life",46.46,0.020000000000003,+0.04%,46.6,46.07,250683,"15:13 ET"
AEO,"American Eagle Outfitters",15.81,-0.15,-0.94%,15.94,15.43,2840732,"15:14 ET"
AGO,"Assured Guaranty Ltd",61.66,0.38,+0.62%,62.16,60.87,78731,"15:11 ET"
AGTI,"Agiliti Inc",15.64,0.07,+0.45%,15.66,15.29,106235,"15:11 ET"
AGYS,"Agilysys Inc",79.865,-0.30500000000001,-0.38%,80.54,78.62,118744,"14:55 ET"
AHCO,"Adapthealth Corp Cl. A",20.63,0.33,+1.63%,20.77,20.16,667671,"15:14 ET"
AHH,"Armada Hoffler Properties Inc",12.22,0.37,+3.12%,12.255,11.9,131974,"15:13 ET"
AIN,"Albany International Corp",107.08,2.79,+2.68%,107.115,104.4,40417,"14:58 ET"
AIR,"AAR Corp",49.24,0.84,+1.74%,49.41,48.14,98076,"15:13 ET"
AIT,"Applied Industrial Technologies",124.19,0.17999999999999,+0.15%,125.02,122.97,53139,"15:11 ET"
AJRD,"Aerojet Rocketdyne Holdings",55.89,0.13,+0.23%,55.95,55.72,237135,"15:14 ET"
AKR,"Acadia Realty Trust",15.32,0.68,+4.64%,15.365,14.6,283321,"15:09 ET"
ALEX,"Alexander and Baldwin Inc",19.79,0.32,+1.64%,19.9,19.57,61251,"15:14 ET"
ALG,"Alamo Group",155.15,1.88,+1.23%,156.62,152.21,42306,"15:13 ET"
ALGT,"Allegiant Travel Com",80.79,2.04,+2.59%,80.86,78.16,138825,"15:10 ET"
ALRM,Alarm.com,52.67,0.66,+1.27%,52.76,51.3842,73894,"15:10 ET"
AMBC,"Ambac Financial Group",16.73,-0.039999999999999,-0.24%,16.98,16.715,89798,"15:08 ET"
AMCX,"Amc Networks Cl A",17.88,0.22,+1.25%,18.2,17.74,199912,"15:13 ET"
AMEH,"Apollo Medical Holdings Inc",35.13,1.83,+5.50%,35.15,32.91,190366,"15:14 ET"
AMN,"Amn Healthcare Services Inc",104.66,-6.22,-5.61%,111.06,104.265,614207,"15:14 ET"
AMPH,"Amphastar Pharma",28.48,0.27,+0.96%,28.54,27.99,108585,"15:12 ET"
AMSF,"Amerisafe Inc",52.26,0.44,+0.85%,52.71,51.92,14435,"15:14 ET"
AMWD,"Amer Woodmark Cp",53.75,0.57,+1.07%,54.01,52.51,51127,"15:14 ET"
ANDE,"Andersons Inc",35.45,0.62,+1.78%,35.56,34.685,51407,"15:09 ET"
ANF,"Abercrombie & Fitch Company",26.85,-0.38,-1.40%,27.66,26.495,1310900,"15:14 ET"
ANGO,"Angiodynamics Inc",13.67,0.34,+2.55%,13.65,13.195,115160,"15:12 ET"
ANIK,"Anika Therapeutics",30.83,0.51,+1.68%,31.05,29.84,26779,"15:14 ET"
ANIP,"ANI Pharma Inc",42.95,1.74,+4.22%,42.95,41.1,51286,"15:10 ET"
AORT,"Artivion Inc",12.83,0.17,+1.34%,13.055,12.57,56869,"15:12 ET"
AOSL,"Alpha and Omega Semi",31.16,0.97,+3.21%,31.5,30.04,131722,"15:10 ET"
APOG,"Apogee Entrpr Inc",46.46,0.34,+0.74%,47.0815,46.23,37921,"15:13 ET"
APPS,"Digital Turbine",16.73,-0.009999999999998,-0.06%,16.93,16.17,836015,"15:14 ET"
ARCB,"Arcbest Corp",78.78,1.12,+1.44%,78.88,77.015,66058,"15:03 ET"
ARI,"Apollo Commercial Real Estate",11.85,0.19,+1.63%,11.925,11.67,396069,"15:14 ET"
ARLO,"Arlo Technologies Inc",3.83,0.09,+2.41%,3.92,3.68,455067,"15:11 ET"
ARNC,"Arconic Corp",23.56,0.46,+1.99%,23.6682,22.99,232824,"15:14 ET"
AROC,"Archrock Inc",9.52,0.09,+0.95%,9.595,9.44,343627,"15:10 ET"
ARR,"Armour Residential R",6.18,0.15,+2.49%,6.17,6.0445,4894982,"15:13 ET"
ASIX,"Advansix Inc",43,1.31,+3.14%,43.055,41.94,72502,"15:14 ET"
ASO,"Academy Sports and Outdoors Inc",55.04,0.31,+0.57%,55.74,54.295,712736,"15:14 ET"
ASTE,"Astec Inds Inc",38.55,-0.044999999999995,-0.12%,39.515,38.41,108474,"15:03 ET"
ATEN,"A10 Networks Inc",15.89,-0.08,-0.50%,16.09,15.79,144964,"15:12 ET"
ATGE,"Adtalem Global Education Inc",37.07,0.18,+0.49%,37.34,36.74,71272,"15:08 ET"
ATI,"Ati Inc",33.93,-0.060000000000002,-0.18%,34.37,33.26,1520349,"15:13 ET"
ATNI,"Atn International",46.93,1.37,+3.01%,46.93,45.68,8977,"14:47 ET"
AVA,"Avista Corp",42.99,0.56,+1.32%,43.02,41.87,625228,"15:14 ET"
AVAV,"Aerovironment Inc",87.65,-2.08,-2.32%,90.37,87.675,55807,"15:12 ET"
AVD,"American Vanguard Corp",22.71,-0.059999999999999,-0.26%,23.015,22.59,27978,"15:14 ET"
AVID,"Avid Tech Inc",28.5,0.11,+0.39%,28.89,28.01,113439,"15:09 ET"
AVNS,"Avanos Medical Inc",28.75,0.86,+3.08%,28.85,27.8575,143530,"15:14 ET"
AWR,"American States Water Company",95.09,-0.20999999999999,-0.22%,95.87,95,57188,"15:09 ET"
AX,"Axos Financial Inc",40.61,0.8,+2.01%,41.3,39.68,134492,"15:14 ET"
AXL,"American Axle & Manufacturing",8.89,0.25,+2.89%,8.92,8.69,353964,"15:13 ET"
AZZ,"Azz Inc",46.24,1.78,+4.00%,46.45,44.47,70690,"15:14 ET"
B,"Barnes Group",43.66,0.38,+0.88%,43.82,42.93,106728,"15:09 ET"
BANC,"First Pactrust Bancorp",17.62,0.29,+1.67%,17.8,17.29,280344,"15:14 ET"
BANF,"Bancfirst Corp",88.98,2.25,+2.59%,89.45,85,51505,"15:13 ET"
BANR,"Banner Corp",64.6,1.19,+1.88%,65.125,63.68,35242,"15:12 ET"
BBBY,"Bed Bath & Beyond",4.78,1.29,+36.96%,4.75,3.64,235972504,"15:14 ET"
BCC,"Boise Cascade L.L.C.",71.17,0.79000000000001,+1.12%,71.2111,69.71,70860,"15:06 ET"
BCOR,"Blucora Inc",27.09,0.38,+1.42%,27.155,26.68,107260,"15:13 ET"
BCPC,"Balchem Cp",127.19,1.07,+0.85%,128.34,125.095,44120,"15:07 ET"
BDN,"Brandywine Realty Trust",6.53,0.19,+3.00%,6.55,6.33,1020360,"15:11 ET"
BFH,"Bread Financial Hldgs Inc",39.95,0.86,+2.20%,40.36,38.505,976387,"15:14 ET"
BFS,"Saul Centers",41.88,1.06,+2.60%,42.1,40.64,15582,"15:06 ET"
BGS,"B&G Foods Holdings",13.99,0.3,+2.19%,14.31,13.71,1219471,"15:14 ET"
BHE,"Benchmark Electronics",28.66,0.24,+0.84%,28.82,28.26,53922,"15:12 ET"
BHLB,"Berkshire Hills Bancorp",30.95,0.22,+0.72%,31.11,30.72,88638,"15:09 ET"
BIG,"Big Lots",19.1,0.13,+0.69%,19.32,18.62,585282,"15:14 ET"
BJRI,"Bj's Restaurants Inc",30.6,-0.02,-0.07%,31.535,30.41,98356,"15:11 ET"
BKE,"Buckle Inc",45.37,-4.37,-8.79%,46.88,44.59,643425,"15:14 ET"
BKU,"BankUnited Inc",35.01,0.059999999999995,+0.17%,35.34,34.78,293363,"15:12 ET"
BLFS,"Biolife Solutions",23.04,0.7,+3.13%,23.21,21.155,287585,"15:14 ET"
BLMN,"Bloomin' Brands Inc",23.65,0.2,+0.85%,24.23,23.48,2301072,"15:13 ET"
BMI,"Badger Meter",114.28,1.02,+0.90%,114.74,111.9,46217,"15:11 ET"
BOOM,"Dynamic Materials",21.81,1.27,+6.18%,22.3399,20.77,94797,"15:12 ET"
BOOT,"Boot Barn Holdings Inc",72.11,-0.31,-0.43%,73.33,70.94,392304,"15:13 ET"
BRC,"Brady Corp",50,0.95,+1.94%,49.97,48.75,74634,"15:12 ET"
BRKL,"Brookline Bancorp",13.81,-0.09,-0.65%,14.04,13.73,297552,"15:10 ET"
BSIG,"Brightsphere Investment Group Plc",21.45,0.25,+1.18%,21.7708,20.955,131894,"15:09 ET"
CAKE,"Cheesecake Fact",38.03,-0.36,-0.94%,38.99,37.6112,776194,"15:13 ET"
CAL,"Caleres Inc",23.22,0.54,+2.38%,23.11,22.53,290817,"15:14 ET"
CALM,"Cal-Maine Foods IN",54.03,1.53,+2.91%,54.45,52.26,616662,"15:12 ET"
CARA,"Cara Therapeutics",10.48,0.61,+6.18%,10.35,9.61,214980,"15:11 ET"
CARS,"Cars.com Inc",15.27,0.66,+4.52%,15.45,14.67,211076,"15:14 ET"
CASH,"Pathward Financial Inc",46.43,0.29,+0.63%,46.665,45.84,111232,"15:14 ET"
CBU,"Community Bank System",64.44,0.36,+0.56%,64.86,63.7,44794,"15:11 ET"
CCOI,"Cogent Comm Hlds",64.61,1.16,+1.83%,64.7,63.66,155729,"15:12 ET"
CCRN,"Cross Ctry Hlthcr",28.38,-0.68,-2.34%,29.35,28.26,362117,"15:13 ET"
CCS,"Century Communities Inc",57.89,0.16,+0.28%,58.07,56.37,101025,"15:14 ET"
CCSI,"Consensus Cloud Solutions",56.8,0.88,+1.57%,57.14,54.23,69557,"15:02 ET"
CDMO,"Avid Bioservices Inc",15.91,0.36,+2.32%,15.915,15.3,333000,"15:13 ET"
CEIX,"Consol Energy Inc",58.68,0.23,+0.39%,59.46,57.14,289989,"15:14 ET"
CENT,"Central Garden",39.41,0.4,+1.03%,39.96,39.02,12808,"15:00 ET"
CENTA,"Central Garden & Pet",37.48,0.18,+0.48%,38.22,37.29,206753,"15:13 ET"
CENX,"Century Aluminum C",9.89,-0.07,-0.70%,10.26,9.235,1605216,"15:14 ET"
CEVA,"Ceva Inc",29.59,0.1,+0.34%,29.98,29.0601,40727,"15:03 ET"
CFFN,"Capitol Fed Finl Inc",8.72,0.0099999999999998,+0.11%,8.785,8.64,248968,"15:13 ET"
CHCO,"City Holding Company",92.87,0.63000000000001,+0.68%,93.21,91.35,32648,"15:12 ET"
CHCT,"Community Healthcare Trust Inc",39.29,0.51,+1.32%,39.575,38.575,59966,"15:14 ET"
CHEF,"The Chefs Warehouse",35.61,0.079999999999998,+0.23%,36.18,35.34,117387,"15:12 ET"
CHRS,"Coherus Bio",10.39,0.13,+1.27%,10.43,9.92,486899,"15:13 ET"
CHS,"Chico's Fas",4.73,0.12,+2.60%,4.735,4.5503,1237805,"15:14 ET"
CHUY,"Chuy's Holdings Inc",33,0.45,+1.38%,33.25,32.42,46220,"15:09 ET"
CIR,"Circor International",25.75,0.22,+0.86%,26.16,25.53,14878,"15:09 ET"
CIVI,"Civitas Resources Inc",58.72,2.06,+3.64%,59.75,57,205867,"15:12 ET"
CLB,"Core Laboratories N.V.",23.1,0.39,+1.72%,24.3,22.705,317881,"15:14 ET"
CLDT,"Chatham Lodging Trust REIT",12.79,0.25,+1.99%,12.89,12.58,129018,"15:14 ET"
CLFD,"Clearfield Inc",83.13,0.70999999999999,+0.86%,87.08,80.58,565936,"15:14 ET"
CLW,"Clearwater Paper Corp",35.97,0.73,+2.07%,36.13,35.27,39621,"15:13 ET"
CMP,"Compass Minerals Intl Inc",46.17,0.55,+1.21%,46.44,45.35,180555,"15:14 ET"
CMTL,"Comtech Telecom Company",13.13,0.26,+2.02%,13.42,12.96,480432,"15:11 ET"
CNK,"Cinemark Holdings Inc",10.36,0.83,+8.71%,10.41,9.81,6512996,"15:14 ET"
CNMD,"C O N M E D Cp",94.91,-0.079999999999998,-0.08%,95.58,91.575,482794,"15:12 ET"
CNSL,"Consolidated Communications Holdings Inc",4.43,0.19,+4.48%,4.43,4.23,174389,"15:14 ET"
CNXN,"PC Connection Inc",48.78,0.59,+1.22%,48.97,47.8,13920,"14:39 ET"
COHU,"Cohu Inc",35.74,0.66,+1.88%,35.89,34.86,70408,"15:11 ET"
COLB,"Columbia Banking Sys",29.49,0.31,+1.06%,29.76,29.26,890928,"15:14 ET"
COLL,"Collegium Pharma",28.87,1.49,+5.44%,28.75,27.18,158365,"15:14 ET"
COOP,"Mr.Cooper Group Inc",44.45,-0.23999999999999,-0.54%,45.08,44.19,132657,"15:09 ET"
CORT,"Corcept Therapeutics",21.7,0.68,+3.24%,21.57,20.81,252193,"15:14 ET"
CPE,"Callon Petroleum Company",39.36,2.1,+5.64%,39.45,37.52,946403,"15:14 ET"
CPF,"Central Pacific Financial Company",21.53,0.55,+2.62%,21.77,21.14,50833,"15:09 ET"
CPK,"Chesapeake Utilities Corp",123.11,-0.56,-0.45%,124.8,122.7,47401,"15:10 ET"
CPRX,"Catalyst Pharm Inc",20.95,1.14,+5.75%,21.15,19.48,1643413,"15:14 ET"
CPSI,"Computer Programs",29.03,0.48,+1.68%,29.365,28.55,33690,"15:13 ET"
CRMT,"America's Car-Mart",78.4,2.31,+3.04%,78.76,76.1,30204,"15:07 ET"
CRNC,"Cerence Inc",21.7,0.009999999999998,+0.05%,22.57,21.41,147968,"15:11 ET"
CRS,"Carpenter Technology Corp",43.68,0.71,+1.65%,43.86,42.47,101599,"15:14 ET"
CRSR,"Corsair Gaming Inc",14.44,-0.59,-3.93%,14.805,13.82,503199,"15:12 ET"
CRVL,"Corvel Cp",153.9,2.15,+1.42%,156.01,149.83,57215,"15:14 ET"
CSGS,"C S G Sys Intl",58,0.57,+0.99%,58.3,57.09,49898,"15:14 ET"
CSII,"Cardiovascular Syst",13.96,-0.039999999999999,-0.29%,14.58,13.46,102901,"15:11 ET"
CSR,Centerspace,62.81,1.3,+2.11%,63.24,61.49,38867,"14:57 ET"
CTRE,"Caretrust REIT Inc",19.33,0.21,+1.10%,19.49,19.09,149077,"15:13 ET"
CTS,"Cts Corp",45.28,0.67,+1.50%,45.4454,44.445,44998,"15:10 ET"
CUBI,"Customers Bancorp",29.63,0.6,+2.07%,30,29.3,153405,"15:08 ET"
CUTR,"Cutera Inc",28.6,0.81,+2.91%,28.535,26.515,522288,"15:13 ET"
CVBF,"Cvb Financial Corp",25.27,0.31,+1.24%,25.5,24.95,361051,"15:12 ET"
CVCO,"Cavco Inds Inc",255.15,4.77,+1.91%,256.37,247.635,31569,"15:00 ET"
CVGW,"Calavo Growers Inc",31.16,0.050000000000001,+0.16%,31.7994,30.87,42864,"15:10 ET"
CWK,"Cushman & Wakefield Plc",13.82,0.23,+1.69%,13.91,13.65,899751,"15:13 ET"
CWT,"California Water Service Group Holding",62.01,-0.27,-0.43%,62.57,62,41126,"15:12 ET"
CXW,"Corecivic Inc",11.52,0.1,+0.88%,11.66,11.415,403691,"15:13 ET"
CYH,"Community Health Systems",4.68,0.029999999999999,+0.65%,4.75,4.57,625112,"15:14 ET"
CYTK,Cytokinetics,42.12,0.84999999999999,+2.06%,42.33,40.18,352231,"15:14 ET"
DBI,"Designer Brands Inc",9.77,0.18,+1.88%,9.8,9.47,799805,"15:12 ET"
DCOM,"Dime Community Bancshares Inc",33.22,0.79,+2.44%,33.39,32.61,33424,"15:13 ET"
DDD,"3D Systems Corp",8.96,0.020000000000001,+0.22%,9.025,8.72,559144,"15:14 ET"
DEA,"Easterly Government Properties",15.76,0.38,+2.47%,15.82,15.36,393034,"15:11 ET"
DFIN,"Donnelly Financial Solutions Inc",41.97,0.089999999999996,+0.21%,42.12,41.49,47116,"15:13 ET"
DGII,"Digi Intl Inc",36.89,0.49,+1.35%,37.035,35.96,134341,"15:08 ET"
DIN,"Dineequity Inc",74.23,1.86,+2.57%,74.85,73.31,135126,"15:14 ET"
DIOD,"Diodes Inc",85.86,1.73,+2.06%,86.23,83.62,119274,"15:06 ET"
DLX,"Deluxe Corp",19.55,0.12,+0.62%,19.75,19.47,85007,"15:13 ET"
DNOW,"Now Inc",13.23,0.25,+1.93%,13.35,12.96,255971,"15:13 ET"
DORM,"Dorman Products Inc",88.055,0.995,+1.14%,88.38,86.02,32339,"14:55 ET"
DOUG,"Douglas Elliman Inc",4.3,0.06,+1.42%,4.335,4.19,93192,"15:10 ET"
DRH,"Diamondrock Hospitality Company",8.7,0.19,+2.23%,8.74,8.515,680209,"15:12 ET"
DRQ,Dril-Quip,29.34,-0.07,-0.24%,30.68,29.22,256279,"15:12 ET"
DVAX,"Dynavax Technologies",11.17,0.21,+1.92%,11.21,10.77,348679,"15:14 ET"
DXPE,"Dxp Enterprise",30.07,0.77,+2.63%,30.22,29.5101,17811,"15:12 ET"
EAT,"Brinker International",37.07,0.28,+0.76%,37.95,36.73,455421,"15:12 ET"
EBIX,"Ebix Inc",19.51,-0.029999999999998,-0.15%,20.035,19.04,183825,"15:13 ET"
EBS,"Emergent Biosolutions",13.82,0.35,+2.60%,13.92,13.35,417180,"15:13 ET"
ECPG,"Encore Capital Group",52.64,0.72,+1.39%,52.94,51.7954,63349,"15:06 ET"
EFC,"Ellington Financial Llc",13.53,0.0099999999999998,+0.07%,13.62,13.49,463505,"15:12 ET"
EGBN,"Eagle Bancorp Inc",45.1,0.090000000000003,+0.20%,45.77,44.81,71161,"15:10 ET"
EGHT,"8X8 Inc",4.37,-0.0099999999999998,-0.23%,4.405,4.24,306525,"15:13 ET"
EGRX,"Eagle Pharmaceuticals",32.48,0.56,+1.75%,32.87,31.97,91665,"15:09 ET"
EHAB,"Enhabit Inc",13.14,-0.47,-3.45%,14.08,13.295,522430,"15:14 ET"
EIG,"Employers Holdings Inc",42.52,0.40000000000001,+0.95%,42.84,41.75,65581,"15:12 ET"
ELF,"E.L.F. Beauty Inc",50.25,1.05,+2.13%,50.62,48.1,887687,"15:14 ET"
ELME,"Elme Communities",18.55,0.18,+0.98%,18.64,18.26,136365,"15:08 ET"
EMBC,"Embecta Corp",23.25,-0.73,-3.04%,24.33,23.31,399220,"15:13 ET"
ENSG,"The Ensign Group IN",97.37,1.64,+1.71%,97.43,95.17,104727,"15:14 ET"
ENTA,"Enanta Pharmaceutica",53.2,2.65,+5.24%,53.31,49.86,74550,"15:10 ET"
ENVA,"Enova International Inc",40.7,0.38,+0.94%,41.29,40.15,77945,"15:04 ET"
EPAC,"Actuant Corp",25.41,-0.16,-0.63%,25.82,25.42,140404,"15:11 ET"
EPC,"Edgewell Personal Care",40.86,0.32,+0.79%,41,40.25,187345,"15:13 ET"
EPRT,"Essential Properties Realty Trust Inc",24.21,0.2,+0.83%,24.48,23.97,650699,"15:12 ET"
ESE,"Esco Technologies Inc",93.465,1.815,+1.98%,93.91,91.995,25049,"14:57 ET"
ETD,"Ethan Allen Interiors Inc",29.61,0.16,+0.54%,29.69,29.215,112509,"15:12 ET"
EVTC,"Evertec Inc",34.64,0.24,+0.70%,34.905,34.285,205611,"15:14 ET"
EXPO,"Exponent Inc",99.78,0.38,+0.38%,100.54,98.6275,49976,"15:14 ET"
EXTR,"Extreme Networks",19.39,0.15,+0.78%,19.51,19.23,398945,"15:10 ET"
EYE,"National Vision Holdings Inc",40.46,-0.51,-1.24%,41.27,40.32,170690,"15:13 ET"
EZPW,"Ezcorp Inc",8.88,-0.12,-1.33%,9.07,8.855,252955,"15:13 ET"
FARO,"Faro Tech Inc",33.86,1.11,+3.39%,33.99,32.83,26096,"15:08 ET"
FBK,"Fb Financial Corp",37.67,0.66,+1.78%,37.88,36.9601,28394,"15:05 ET"
FBNC,"First Bancorp [Nc]",42.23,0.54,+1.30%,42.68,41.88,35729,"15:09 ET"
FBP,"First Bancorp",13.29,0.2,+1.53%,13.41,13.16,443451,"15:14 ET"
FBRT,"Franklin Bsp Realty Trust Inc",13.85,0.17,+1.24%,13.94,13.6,123825,"15:13 ET"
FCF,"First Commonwealth Financial Corp",14.35,0.19,+1.34%,14.435,14.16,115885,"15:14 ET"
FCPT,"Four Corners Property Trust IN",28.25,0.45,+1.62%,28.435,27.86,186826,"15:14 ET"
FDP,"Fresh Del Monte Produce",27.58,0.51,+1.88%,27.62,26.9825,73608,"15:13 ET"
FELE,"Franklin Electric Company",84.79,-0.11,-0.13%,85.115,84.12,69656,"15:06 ET"
FF,"Futurefuel Corp",9.16,-0.13,-1.40%,9.3263,9.15,88440,"15:13 ET"
FFBC,"First Finl Bncp [Oh]",24.92,0.039999999999999,+0.16%,25.33,24.92,114772,"15:13 ET"
FHB,"First Hawaiian Inc",27.17,0.61,+2.30%,27.18,26.4728,300500,"15:14 ET"
FIX,"Comfort Systems USA",120.36,3.24,+2.77%,120.75,116.4,264169,"15:12 ET"
FIZZ,"Natl Beverage Cp",44.52,-0.23,-0.51%,44.89,44.2,70191,"15:13 ET"
FLGT,"Fulgent Genetics Inc",31.26,0.26,+0.84%,31.17,30.28,180400,"15:10 ET"
FN,Fabrinet,135.48,0.79999999999998,+0.59%,135.67,133.18,123962,"15:06 ET"
FORM,"Formfactor Inc",25.37,0.36,+1.44%,25.47,24.61,149179,"15:14 ET"
FORR,"Forrester Resrch",36.02,-0.19,-0.52%,36.58,35.7,34369,"15:06 ET"
FSP,"Franklin Street Properties",3.11,0.14,+4.71%,3.13,2.96,401275,"15:14 ET"
FSS,"Federal Signal Corp",50.62,0.61,+1.22%,51.28,49.66,167661,"15:13 ET"
FTDR,"Frontdoor Inc",23.63,0.27,+1.16%,23.79,23.2,414609,"15:12 ET"
FUL,"H. B. Fuller Company",74.42,0.040000000000006,+0.05%,74.96,74.08,142396,"15:14 ET"
FWRD,"Foward Air Corp",102.41,-0.60000000000001,-0.58%,103.4,100.27,97550,"15:10 ET"
GBX,"Greenbrier Companies",29.79,1.16,+4.05%,30.5,28.8015,262075,"15:14 ET"
GCI,"Gannett Inc",2.36,0.02,+0.85%,2.41,2.32,415980,"15:10 ET"
GCO,"Genesco Inc",47.79,0.42,+0.89%,48.23,46.78,63118,"15:13 ET"
GDEN,"Golden Entmt",38.85,1.07,+2.83%,39.1,37.95,74637,"15:09 ET"
GDOT,"Green Dot Corp",17.88,0.2,+1.13%,18.015,17.505,88773,"15:12 ET"
GEO,"Geo Group Inc",11.29,0.26,+2.36%,11.53,10.88,1415485,"15:14 ET"
GES,"Guess Inc",22.73,0.47,+2.11%,22.62,21.93,385888,"15:14 ET"
GFF,"Griffon Corp",38.53,-0.27,-0.70%,39,37.58,262249,"15:14 ET"
GIII,"G-III Apparel Gp",15.4,-0.26,-1.66%,15.91,15.32,441071,"15:14 ET"
GKOS,"Glaukos Corp",48.09,1.94,+4.20%,48.14,45.45,151659,"15:10 ET"
GMS,"Gms Inc",52.95,-0.27,-0.51%,53.58,52.7,74304,"15:12 ET"
GNL,"Global Net Lease Inc",13.65,-0.32,-2.29%,13.67,13.35,736018,"15:12 ET"
GNW,"Genworth Financial Inc",5.28,0.010000000000001,+0.19%,5.3,5.26,1298000,"15:14 ET"
GOGO,"Gogo Inc",16.21,0.17,+1.06%,16.38,15.86,421160,"15:14 ET"
GPI,"Group 1 Automotive",191.19,0.41999999999999,+0.22%,193,188.2,93380,"15:12 ET"
GPMT,"Granite Point Mortgage Trust Inc",6.11,0.18,+3.04%,6.1493,5.97,291874,"15:14 ET"
GPRE,"Green Plains Inc",31.88,0.11,+0.35%,32.18,31.32,237731,"15:14 ET"
GRBK,"Green Brick Partners",27.36,0.15,+0.55%,27.57,26.51,152765,"15:13 ET"
GTY,"Getty Realty Corp",35.17,-0.31,-0.87%,35.59,35.11,351677,"15:12 ET"
GVA,"Granite Construction Inc",37.29,0.64,+1.75%,37.38,36.68,80582,"15:14 ET"
HA,"Hawaiian Hlds Inc",13.31,0.57,+4.47%,13.42,12.62,931179,"15:14 ET"
HAFC,"Hanmi Financial Cp",25.39,0.64,+2.59%,25.51,24.935,67302,"15:10 ET"
HAIN,"Hain Celestial Group",19.12,-0.16,-0.83%,19.52,18.94,523919,"15:14 ET"
HAYN,"Haynes Intl Inc",53.62,0.73999999999999,+1.40%,53.695,52.29,35028,"15:12 ET"
HCC,"Warrior Met Coal Inc",34.11,0.049999999999997,+0.15%,34.48,33.99,164435,"15:10 ET"
HCI,"Homeowners Choice",41.98,0.77999999999999,+1.89%,43.065,40.88,126929,"15:09 ET"
HCSG,"Healthcare Svcs Gp",13.47,-0.049999999999999,-0.37%,13.64,13.36,174501,"15:12 ET"
HFWA,"Heritage Financial",30.32,0.54,+1.81%,30.51,29.47,125491,"15:10 ET"
HI,"Hillenbrand Inc",45.88,0.16,+0.35%,46.18,45.3,255265,"15:13 ET"
HIBB,"Hibbett Inc",72.54,-0.44,-0.60%,74.43,71.77,121332,"15:14 ET"
HLIT,"Harmonic Inc",15.45,0.22,+1.44%,15.54,15.04,640117,"15:13 ET"
HLX,"Helix Energy Solutions Group",7.82,0.15,+1.96%,7.995,7.635,1537107,"15:14 ET"
HMN,"Horace Mann Educators Corp",37.63,0.16,+0.43%,37.81,37.25,50913,"15:13 ET"
HMST,"Homestreet Inc",28.57,0.13,+0.46%,29,28.52,77561,"15:11 ET"
HNI,"Hon Industries Inc",30.79,0.34,+1.12%,30.8,30.3682,39463,"15:06 ET"
HOPE,"Hope Bancorp Inc",12.81,0.15,+1.18%,12.93,12.68,249692,"15:06 ET"
HOUS,"Anywhere Real Estate Inc",7.99,0.13,+1.65%,8.09,7.77,932133,"15:11 ET"
HP,"Helmerich & Payne",50.59,1.97,+4.05%,51.14,48.5405,617948,"15:12 ET"
HPP,"Hudson Pacific Properties",10.5,0.35,+3.45%,10.52,10.115,1020438,"15:11 ET"
HRMY,"Harmony Biosciences Holdings Inc",47.54,0.079999999999998,+0.17%,48.42,46,409014,"15:14 ET"
HSC,"Harsco Corp",7.31,0.05,+0.69%,7.405,7.25,133123,"15:08 ET"
HSII,"Heidrick & Struggl",28.95,0.27,+0.94%,29.68,28.22,36663,"15:10 ET"
HSKA,"Heska Corp",73.19,1.32,+1.84%,74.35,70.03,34258,"14:58 ET"
HSTM,"Healthstream Inc",24.23,0.32,+1.34%,24.36,23.65,30999,"15:08 ET"
HT,"Hersha Hospitality Trust",8.72,0.15,+1.75%,8.83,8.61,336207,"15:11 ET"
HTH,"Hilltop Holdings Inc",31.56,0.45,+1.45%,31.61,31.04,124016,"15:11 ET"
HTLD,"Heartland Express",16.3,0.060000000000002,+0.37%,16.41,16.21,73270,"15:12 ET"
HUBG,"Hub Group Inc A",82.42,0.71000000000001,+0.87%,82.83,81.28,93558,"15:10 ET"
HVT,"Haverty Furniture Companies",34.1,0.030000000000001,+0.09%,34.47,33.98,48824,"15:11 ET"
HWKN,"Hawkins Inc",38.89,1,+2.64%,38.89,37.76,17466,"15:03 ET"
HZO,"Marinemax Inc",34.52,1.06,+3.17%,34.65,33.78,242492,"15:12 ET"
IBP,"Installed Building Products",98.91,-0.13000000000001,-0.13%,100.05,95.51,242564,"15:12 ET"
IBTX,"Independent Bank Group",61.43,1.29,+2.14%,61.77,59.975,38329,"15:09 ET"
ICHR,"Ichor Holdings Ltd",29.58,0.84,+2.92%,30.33,28.7,241961,"15:13 ET"
IDCC,"Interdigital Inc",59.31,0.27,+0.46%,59.57,58.53,85880,"14:59 ET"
IIIN,"Insteel Industries",31.31,0.51,+1.66%,31.45,30.72,81301,"15:12 ET"
IIPR,"Innovative Industrial Properties",109.37,3.25,+3.06%,109.97,105.01,166149,"15:12 ET"
ILPT,"Industrial Logistics Properties Trust",4.05,0.0099999999999998,+0.25%,4.24,4.05,561069,"15:14 ET"
INDB,"Independent Bk Corp",81.58,1.29,+1.61%,82.05,80.47,49559,"15:12 ET"
INGN,"Inogen Inc",23.23,1.07,+4.83%,23.26,21.73,181495,"15:12 ET"
INN,"Summit Hotel Properties",7.61,-0.04,-0.52%,7.66,7.38,338801,"15:10 ET"
INT,"World Fuel Services Corp",28.1,0.65,+2.37%,28.21,27.225,213834,"15:14 ET"
INVA,"Innoviva Inc",13.65,0.22,+1.64%,13.74,13.3493,498130,"15:14 ET"
IOSP,"Innospec Inc",107.9,2.39,+2.27%,108.12,105.85,30336,"14:58 ET"
IPAR,"Inter Parfums Inc",112.25,0.95999999999999,+0.86%,112.94,110.42,47785,"15:09 ET"
IRBT,"Irobot Corp",48.4,-0.07,-0.14%,48.72,48.24,126453,"15:07 ET"
IRWD,"Ironwood Pharmaceuti",11.54,0.33,+2.94%,11.68,11.14,981630,"15:13 ET"
ITGR,"Integer Holdings Corp",71.9,-0.34999999999999,-0.48%,72.72,70.955,54968,"15:10 ET"
ITOS,"Iteos Therapeutics Inc",18.79,-0.41,-2.14%,19.345,18.7,143667,"15:13 ET"
ITRI,"Itron Inc",56.94,0.91,+1.62%,57.33,56.03,76537,"15:11 ET"
IVR,"Invesco Mortgage Capital Inc",14.08,0.38,+2.77%,14.1,13.71,514950,"15:14 ET"
JACK,"Jack IN The Box Inc",76.75,0.65000000000001,+0.85%,78.44,76.27,195447,"15:13 ET"
JBSS,"John B Sanfilippo",83.22,1.01,+1.23%,83.495,81.46,30663,"15:10 ET"
JBT,"John Bean Technologies Corp",102.15,2.25,+2.25%,102.52,99.68,76391,"15:06 ET"
JJSF,"J J Snack Foods",152.04,-0.34999999999999,-0.23%,153.1,149.815,50857,"15:01 ET"
JOE,"St. Joe Company",41.31,-0.16999999999999,-0.41%,41.8999,40.98,101455,"15:09 ET"
JRVR,"James River Gp HD",21.55,0.050000000000001,+0.23%,21.61,21.045,74902,"15:14 ET"
JYNT,"The Joint Corp",18.17,1.4,+8.35%,18.5,16.58,186520,"15:13 ET"
KALU,"Kaiser Aluminum",88.29,1.11,+1.27%,89.23,86.66,32540,"15:11 ET"
KAMN,"Kaman Corp",23.9,0.45,+1.92%,24.43,23.525,104049,"15:09 ET"
KAR,"Kar Auction Services Inc",13.35,0.039999999999999,+0.30%,13.47,13.07,387895,"15:13 ET"
KELYA,"Kelly Svcs Cl A",17.42,0.12,+0.69%,17.54,17.35,44511,"15:09 ET"
KFY,"Korn/Ferry International",53.34,0.47000000000001,+0.89%,53.77,52.62,73890,"15:14 ET"
KLIC,"Kulicke and Soffa",51.1,2.46,+5.06%,51.315,48.1,708126,"15:12 ET"
KN,"Knowles Corp",17.5,0.1,+0.57%,17.63,17.265,334879,"15:14 ET"
KOP,"Koppers Holdings Inc",31.49,1.12,+3.69%,31.7325,30.59,61173,"15:06 ET"
KREF,"KKR Real Estate Finance Trust Inc",15.19,0.4,+2.70%,15.27,14.84,240500,"15:14 ET"
KTB,"Kontoor Brands Inc",44.64,0.079999999999998,+0.18%,45.14,44.1,107759,"15:12 ET"
KWR,"Quaker Chemical Corp",188.78,5.93,+3.24%,189.52,182,61178,"15:09 ET"
LCII,"Lci Industries",109.84,1.81,+1.68%,109.99,106.94,88235,"15:08 ET"
LESL,"Leslie's Inc",14.08,0.26,+1.88%,14.075,13.695,1082095,"15:13 ET"
LGIH,"LGI Homes Inc",104.73,-1.25,-1.18%,106.75,103.335,138396,"15:13 ET"
LGND,"Ligand Pharm",69.49,0.63,+0.91%,69.11,67.67,46615,"15:13 ET"
LKFN,"Lakeland Finl Corp",75.54,1.14,+1.53%,76.4,74.34,45966,"15:13 ET"
LMAT,"Lemaitre Vascular",46.17,0.25,+0.54%,46.46,45.3,28927,"15:07 ET"
LNN,"Lindsay Corp",156.98,1.31,+0.84%,157.81,153.88,81240,"15:10 ET"
LOCO,"El Pollo Loco",10.99,0.15,+1.38%,11.15,10.84,99886,"15:11 ET"
LPG,"Dorian Lpg Ltd",17.34,0.51,+3.03%,17.4869,16.7,259397,"15:13 ET"
LPSN,"Liveperson Inc",10.99,0.3,+2.81%,11.09,10.51,363004,"15:14 ET"
LQDT,"Liquidity Services",15.01,0.15,+1.01%,15.15,14.7377,69231,"15:12 ET"
LRN,"Stride Inc",33.17,0.14,+0.42%,33.4,32.827,137700,"15:10 ET"
LTC,"Ltc Properties",37.51,0.61,+1.65%,37.71,37.035,114012,"15:10 ET"
LTHM,"Livent Corp",23.6,0.77,+3.37%,23.64,22.6,4246713,"15:14 ET"
LXP,"Lxp Industrial Trust",11.24,0.12,+1.08%,11.3,11.04,647390,"15:14 ET"
LZB,"La-Z-Boy Inc",26.17,0.23,+0.89%,26.3,25.825,129868,"15:12 ET"
MATV,"Mativ Holdings Inc",25.19,1.17,+4.87%,25.42,24.141,211216,"15:13 ET"
MATW,"Matthews Intl Corp",36.75,0.13,+0.35%,37.025,36.37,65181,"15:10 ET"
MATX,"Matson Inc",63.59,1.11,+1.78%,63.7,62.24,85124,"15:09 ET"
MBC,"Masterbrand Inc",8.08,0.07,+0.87%,8.21,7.95,619648,"15:12 ET"
MCRI,"Monarch Casino",79.61,0.62,+0.78%,80.39,78.81,22478,"15:10 ET"
MCS,"Marcus Corp",15.48,0.56,+3.75%,15.59,14.8,145787,"15:12 ET"
MCW,"Mister Car Wash Inc",10.34,-0.050000000000001,-0.48%,10.44,10.02,430441,"15:10 ET"
MCY,"Mercury General Corp",35.3,0.34999999999999,+1.00%,35.62,34.54,115816,"15:14 ET"
MD,"Pediatrix Medical Group Inc",15.78,0.21,+1.35%,15.94,15.45,199398,"15:11 ET"
MDC,"M.D.C. Holdings",35.41,0.069999999999993,+0.20%,35.74,34.66,219393,"15:14 ET"
MDRX,"Veradigm Inc",19.41,0.71,+3.80%,19.425,18.8,989745,"15:14 ET"
MED,"Medifast Inc",128.79,4.06,+3.26%,128.94,124.1,55218,"15:14 ET"
MEI,"Methode Electronics",46.53,-0.24,-0.51%,46.89,46.36,48657,"15:13 ET"
MERC,"Mercer Intl Inc",12.29,0.33,+2.76%,12.34,11.76,234203,"15:10 ET"
MGPI,"MGP Ingredients Inc",104.74,1.53,+1.48%,105.13,101.46,41356,"15:03 ET"
MHO,"M/I Homes",52.97,0.4,+0.76%,53.27,51.29,135437,"15:13 ET"
MLAB,"Mesa Labs Inc",187.36,-0.91999999999999,-0.49%,190.37,180.49,82210,"14:54 ET"
MLI,"Mueller Industries",65.73,-0.81,-1.22%,66.79,65.08,203077,"15:12 ET"
MLKN,"Millerknoll Inc",22.84,0.4,+1.78%,22.81,22.23,309228,"15:13 ET"
MMI,"Marcus & Millichap",37.2,0.11,+0.30%,37.59,37.04,46151,"15:09 ET"
MMSI,"Merit Medical Sys",68.43,0.27000000000001,+0.40%,69.15,67.55,89986,"15:11 ET"
MNRO,"Monro Muffler Brak",48.24,-0.11,-0.23%,48.68,47.65,76740,"15:08 ET"
MODV,"Modivcare Inc",97.48,-0.33,-0.34%,100.75,96.42,67520,"15:01 ET"
MOG.A,"Moog Inc Cl A",91.45,1.57,+1.75%,91.66,89.59,57028,"15:11 ET"
MOV,"Movado Group Inc",35.58,0.5,+1.43%,35.68,34.745,62700,"15:12 ET"
MPAA,"Motorcar Parts Amer",13.79,0.24,+1.77%,14.07,13.39,79629,"15:09 ET"
MRTN,"Marten Transport L",20.01,0.050000000000001,+0.25%,20.13,19.75,58115,"15:06 ET"
MSEX,"Middlesex Water Company",80.93,-0.89999999999999,-1.10%,82.04,80.6,73542,"15:14 ET"
MTH,"Meritage Corp",101.52,0.61999999999999,+0.61%,102.07,99.35,156863,"15:10 ET"
MTRN,"Materion Corp",95.45,0.24000000000001,+0.25%,96.365,94.56,69244,"15:11 ET"
MTX,"Minerals Technologies Inc",66.65,0.93000000000001,+1.42%,66.99,65.4,33560,"15:14 ET"
MXL,"Maxlinear Inc",36.81,0.38,+1.04%,37.35,35.7381,139234,"15:13 ET"
MYE,"Myers Industries",24.22,0.33,+1.38%,24.35,23.69,41036,"15:10 ET"
MYGN,"Myriad Genetics Inc",18.73,0.25,+1.35%,18.7,18.11,182688,"15:14 ET"
MYRG,"MYR Group Inc",100.19,1.95,+1.98%,100.43,97.35,32651,"15:13 ET"
NBHC,"National Bank Holdings Corp",44.16,0.70999999999999,+1.63%,44.5,43.35,86034,"15:08 ET"
NBR,"Nabors Industries",168.71,6.73,+4.15%,172.75,161.52,95891,"15:09 ET"
NBTB,"NBT Bancorp Inc",43.4,0.4,+0.93%,43.71,43.03,42107,"15:13 ET"
NEO,"Neogenomics Inc",10.3,-0.21,-2.00%,10.57,10.1,479997,"15:14 ET"
NFBK,"Northfield Bncrp Del",15.92,0.12,+0.76%,16.02,15.7,35818,"15:13 ET"
NKTR,"Nektar Therapeutics",2.39,0.07,+3.02%,2.41,2.27,821554,"15:11 ET"
NMIH,"Nmi Holdings Inc",21.36,0.51,+2.45%,21.43,20.83,71403,"15:13 ET"
NPK,"National Presto Industries",70.38,-0.94,-1.32%,72.08,69.98,18590,"15:00 ET"
NPO,"Enpro Industries",117.96,1.71,+1.47%,118.41,116.015,27596,"15:10 ET"
NSIT,"Insight Enterpr",110.34,1,+0.91%,111.17,109.28,68904,"15:05 ET"
NTCT,"Netscout Systems",31.89,0.26,+0.82%,32.09,31.6,129598,"15:12 ET"
NTGR,"Netgear Inc",20.14,0.56,+2.86%,20.16,19.615,35864,"14:59 ET"
NUS,"Nu Skin Enterprises",42.63,-0.009999999999998,-0.02%,43.24,42.41,214453,"15:14 ET"
NUVA,"Nuvasive Inc",43.54,0.28,+0.65%,43.76,42.315,230425,"15:14 ET"
NVEE,"Nv5 Global",137.57,1.89,+1.39%,139.33,134.7,90895,"15:06 ET"
NWBI,"Northwest Bancshares",14.28,0.13,+0.92%,14.42,14.1,206958,"15:14 ET"
NWN,"Northwest Natural Gas Company",49.64,0.38,+0.77%,49.94,49.2,72767,"15:09 ET"
NX,"Quanex Building Products Corp",24.42,0.54,+2.26%,24.5,23.83,57059,"15:13 ET"
NXGN,"Nextgen Healthcare Inc",18.06,0.4,+2.27%,18.09,17.6,255553,"15:10 ET"
NXRT,"Nexpoint Residential Trust Inc",44.24,1.09,+2.53%,44.37,42.855,42772,"14:58 ET"
NYMT,"New York Mtge Trust",2.87,0.02,+0.70%,2.88,2.82,1452469,"15:13 ET"
ODP,"Office Depot",50.22,1.13,+2.30%,50.3,49.29,277873,"15:14 ET"
OFG,"Ofg Bancorp",28.32,0.47,+1.69%,28.46,28.03,82648,"15:13 ET"
OFIX,"Orthofix Intl NV",18.81,-0.02,-0.11%,19.06,18.27,206263,"15:12 ET"
OI,"O-I Glass Inc",19.34,0.34,+1.79%,19.53,19.1,469405,"15:14 ET"
OII,"Oceaneering International",19.46,1.04,+5.65%,19.5,18.37,1065291,"15:14 ET"
OIS,"Oil States International",8.14,0.24,+3.04%,8.27,7.88,357874,"15:10 ET"
OMI,"Owens & Minor",19.67,-0.31,-1.55%,20.09,19.495,250905,"15:14 ET"
ONL,"Orion Office REIT Inc",8.71,0.12,+1.40%,8.82,8.57,224109,"15:13 ET"
ONTO,"Onto Innovation Inc",77.86,1.36,+1.78%,78.21,75.64,75014,"15:14 ET"
OPI,"Office Properties Income Trust",16.96,0.62,+3.79%,17.1,16.5,318538,"15:13 ET"
OPRX,"Optimizerx Corp",17.8,-0.76,-4.09%,18.57,17.455,106626,"15:09 ET"
ORGO,"Organogenesis Holdings Inc",2.85,0.0049999999999999,+0.18%,2.9,2.81,376396,"15:14 ET"
OSIS,"O S I Systems Inc",85.98,1.71,+2.03%,86.22,84.23,12539,"14:58 ET"
OSPN,"Onespan Inc",12.52,-0.5,-3.84%,13.15,12.475,86214,"15:11 ET"
OSUR,"Orasure Tech Inc",5.24,0.08,+1.55%,5.27,5.04,176398,"15:13 ET"
OUT,"Outfront Media Inc",18.84,-0.18,-0.95%,19.28,18.71,566499,"15:14 ET"
OXM,"Oxford Industries",104.73,-1.19,-1.12%,106.27,104.055,56422,"15:12 ET"
PAHC,"Phibro Anl Htlh A",14.75,0.23,+1.58%,15.04,14.5,92178,"15:10 ET"
PARR,"Par Petroleum Corp",22.87,0.45,+2.01%,23.12,22.52,198593,"15:14 ET"
PATK,"Patrick Inds Inc",66.67,0.71000000000001,+1.08%,67.235,65.16,59372,"15:13 ET"
PAYO,"Payoneer Global Inc",5.74,0.28,+5.13%,5.78,5.425,2071343,"15:14 ET"
PBH,"Prestige Brand Holdings",65.6,0.39,+0.60%,65.93,64.92,180183,"15:12 ET"
PBI,"Pitney Bowes Inc",4.67,-0.12,-2.51%,4.85,4.66,622894,"15:13 ET"
PCRX,"Pacira Pharm Inc",37.68,0.66,+1.78%,38.49,36.41,349789,"15:13 ET"
PDFS,"Pdf Solutions Inc",30.125,0.065000000000001,+0.22%,30.37,29.315,30325,"14:58 ET"
PETS,"Petmed Express Inc",19.37,-0.21,-1.07%,19.84,19.17,122535,"15:13 ET"
PFBC,"Preferred Bank LA",72.84,1.09,+1.52%,73.28,71.87,31904,"15:01 ET"
PFS,"Provident Financial Services",22.25,0.23,+1.04%,22.37,21.89,119918,"15:09 ET"
PGTI,"Pgt Inc",19.7,0.34,+1.76%,19.75,19.02,136557,"15:12 ET"
PIPR,"Piper Jaffray Companies",141.3,1.3,+0.93%,142.42,139.51,25395,"15:11 ET"
PKE,"Park Electrochemical Corp",13.83,0.24,+1.77%,13.87,13.57,30180,"15:11 ET"
PLAB,"Photronics Inc",18.2,0.21,+1.17%,18.34,17.96,211044,"15:12 ET"
PLAY,"Dave & Buster's Entertainment",41.78,0.88,+2.15%,42.04,41.355,647735,"15:14 ET"
PLCE,"Children's Place Inc",39.22,0.42,+1.08%,39.79,37.59,209792,"15:12 ET"
PLMR,"Palomar Holdings Inc",51.75,1.31,+2.60%,52.03,49.665,98653,"15:09 ET"
PLUS,"Eplus Inc",47.51,0.82,+1.76%,47.6,46.1,45720,"14:59 ET"
PLXS,"Plexus Cp",111,0.88,+0.80%,111.54,110.19,57097,"15:13 ET"
PMT,"Pennymac Mortgage Investment Trust",13.97,0.18,+1.31%,14,13.77,352193,"15:09 ET"
PNTG,"The Pennant Group Inc",10.71,0.28,+2.68%,10.74,10.31,111563,"15:11 ET"
POWL,"Powell Inds Inc",38.81,0.85,+2.24%,38.98,37.59,61646,"15:12 ET"
PPBI,"Pacific Premier Bncp",31.79,0.39,+1.24%,32.05,31.44,163188,"15:12 ET"
PRA,"Pro-Assurance Corp",18.11,-0.039999999999999,-0.22%,18.24,17.98,106460,"15:10 ET"
PRAA,"Pra Group Inc",35.61,-0.030000000000001,-0.08%,35.96,35.65,96831,"15:13 ET"
PRDO,"Perdoceo Education Corp",15.01,0.35,+2.39%,15.105,14.61,631704,"15:12 ET"
PRFT,"Perficient Inc",74.65,0.69000000000001,+0.93%,75.27,72.94,42242,"15:07 ET"
PRG,"Prog Hldgs Inc",19.69,0.050000000000001,+0.25%,19.92,19.51,146746,"15:12 ET"
PRGS,"Progress Software",53.13,0.29,+0.55%,53.6586,52.64,119347,"15:13 ET"
PRK,"Park National Corp",141.85,0.59999999999999,+0.42%,142.28,140.095,10146,"15:07 ET"
PRLB,"Proto Labs Inc",27.35,0.18,+0.66%,27.47,26.68,68282,"15:12 ET"
PSMT,"Pricesmart Inc",70.3,1.17,+1.69%,72.07,69.3201,86110,"15:10 ET"
PTEN,"Patterson-Uti Energy",17.59,0.45,+2.63%,17.86,16.87,1647520,"15:14 ET"
PUMP,"Propetro Holding Corp",10.89,0.46,+4.41%,11.14,10.555,798438,"15:11 ET"
QNST,"Quinstreet Inc",15.23,0.040000000000001,+0.26%,15.48,15.11,104866,"15:13 ET"
QURE,"Uniqure N.V.",21.86,0.66,+3.11%,21.865,20.83,236797,"15:09 ET"
RAMP,"Liveramp Holdings Inc",24.31,0.009999999999998,+0.04%,24.595,24.11,215407,"15:14 ET"
RC,"Ready Capital Corp",11.97,0.18,+1.53%,12.01,11.77,410609,"15:09 ET"
RCII,"Rent-A-Center Inc",25.11,-0.2,-0.79%,25.59,24.795,214047,"15:10 ET"
RCUS,"Arcus Biosciences Inc",18.47,0.049999999999997,+0.27%,18.87,18.14,634024,"15:12 ET"
RDNT,"Radnet Inc",19.45,0.16,+0.83%,19.485,18.93,146900,"15:13 ET"
RES,"RPC Inc",9.98,0.36,+3.74%,10.325,9.72,656483,"15:14 ET"
REX,"Rex American Resources Corp",31.66,0.8,+2.59%,31.89,31.15,19011,"15:14 ET"
REZI,"Resideo Technologies Inc",18.54,0.62,+3.46%,18.63,17.99,237707,"15:13 ET"
RGNX,"Regenxbio Inc",23.91,0.66,+2.84%,23.79,23.015,118937,"15:13 ET"
RGP,"Resources Connection Inc",17.57,-0.050000000000001,-0.28%,17.97,17.51,132127,"15:10 ET"
RGR,"Sturm Ruger & Company",54.63,0.11,+0.20%,55.23,54.5,49276,"15:14 ET"
RILY,"B. Riley Financl",39.47,0.27,+0.69%,39.56,38.76,169641,"15:13 ET"
RMAX,"Re/Max Holdings Inc",21.21,0.38,+1.82%,21.29,20.87,54379,"15:09 ET"
RMBS,"Rambus Inc",39.01,0.94,+2.47%,39.59,37.88,460891,"15:14 ET"
RNST,"Renasant Corp",38.02,0.87,+2.34%,38.14,37.26,75354,"15:09 ET"
ROCC,"Ranger Oil Corp",41.56,0.56,+1.37%,42.03,41.19,248860,"15:12 ET"
ROCK,"Gibraltar Ind Inc",51.01,0.98999999999999,+1.98%,51.63,49.97,74478,"15:06 ET"
ROG,"Rogers Corp",127.15,2.48,+1.99%,128.695,124.41,292313,"15:11 ET"
ROIC,"Retail Opp Invts Cp",15.27,0.31,+2.07%,15.355,14.94,294339,"15:14 ET"
RPT,"Ramco-Gershenson Properties Trust",10.09,0.25,+2.54%,10.11,9.8,129116,"15:11 ET"
RUTH,"Ruth's Hospitality",17.9,0.009999999999998,+0.06%,18.29,17.84,199915,"15:14 ET"
RWT,"Redwood Trust",7.54,0.07,+0.94%,7.57,7.4,733686,"15:14 ET"
RYAM,"Rayonier Advanced Materials Inc",6.39,0.41,+6.86%,6.52,5.97,766486,"15:14 ET"
SABR,"Sabre Corp",6.45,0.02,+0.31%,6.52,6.245,3596262,"15:14 ET"
SAFE,"Safehold Inc",31.78,0.32,+1.02%,31.96,31.13,80233,"15:08 ET"
SAFT,"Safety Ins Group Inc",85,1.07,+1.27%,85.77,83.8867,27709,"15:10 ET"
SAH,"Sonic Automotive",50.3,0.059999999999995,+0.12%,51.22,49.305,148003,"15:09 ET"
SANM,"Sanmina Corp",59.36,0.75,+1.28%,60.055,58.4572,256118,"15:13 ET"
SBCF,"Seacoast Banking Cp",32.79,0.29,+0.89%,33.09,32.09,161767,"15:14 ET"
SBH,"Sally Beauty Holdings",14.74,0.08,+0.55%,14.93,14.61,471153,"15:13 ET"
SBSI,"Southside Bancshares",36.57,0.64,+1.78%,36.7,36,21234,"15:10 ET"
SCHL,"Scholastic Cp",41.64,0.31,+0.75%,42.015,40.925,81936,"15:14 ET"
SCL,"Stepan Company",111.43,2.59,+2.38%,111.83,108.6,39777,"15:13 ET"
SCSC,"Scansource Inc",32.24,0.82,+2.61%,32.43,31.655,26121,"15:14 ET"
SCVL,"Shoe Carnival Inc",25.85,0.14,+0.54%,26.4,25.6,177937,"15:11 ET"
SEM,"Select Medical Holdings Corp",28.01,0.7,+2.56%,28.1,27.22,145855,"15:13 ET"
SENEA,"Seneca Foods Cp A",65.06,3.97,+6.50%,65.13,60.4,53937,"15:08 ET"
SFBS,"Servisfirst Bancs",71.44,1.69,+2.42%,71.675,69.535,60151,"15:06 ET"
SFNC,"Simmons First Natl",22.7,0.34,+1.52%,22.92,22.41,199000,"15:14 ET"
SGH,"Smart Global Holdings Inc",16.7,0.14,+0.85%,16.805,16.235,177522,"15:14 ET"
SHAK,"Shake Shack Inc",55.37,1.65,+3.07%,55.66,53.26,843848,"15:14 ET"
SHEN,"Shenandoah Telecom",17.85,0.59,+3.42%,17.86,17.25,33187,"15:10 ET"
SHO,"Sunstone Hotel Investors",10.15,0.17,+1.70%,10.195,9.925,873723,"15:10 ET"
SHOO,"Steven Maddens Ltd",33.24,0.020000000000003,+0.06%,33.6,33.09,420510,"15:13 ET"
SIG,"Signet Jewelers Ltd",71.91,-0.90000000000001,-1.24%,74.45,71.58,379147,"15:13 ET"
SITC,"Site Centers Corp",13.4,0.23,+1.75%,13.465,13.08,919436,"15:13 ET"
SIX,"Six Flags Entertainment Corp",26.11,1.17,+4.69%,26.27,25.09,905131,"15:14 ET"
SJI,"South Jersey Industries",35.71,-0.07,-0.20%,35.82,35.76,847302,"15:14 ET"
SJW,"SJW Corp",79.76,0.040000000000006,+0.05%,80.48,79.41,121247,"15:14 ET"
SKT,"Tanger Factory Outlet Centers",18.59,0.28,+1.53%,18.57,18.18,299438,"15:14 ET"
SKYW,"Skywest Inc",19.84,0.54,+2.80%,19.93,19.3449,212244,"15:14 ET"
SLCA,"U.S. Silica Holdings Inc",12.53,0.55,+4.59%,12.82,12.1,317327,"15:14 ET"
SLP,"Simulations Plus Inc",39.83,0.68,+1.74%,40.77,38.95,68140,"15:10 ET"
SLVM,"Sylvamo Corp",49.72,-0.2,-0.40%,50.44,49.52,152472,"15:14 ET"
SM,"Sm Energy Company",33.33,1.43,+4.48%,33.55,32.09,618328,"15:13 ET"
SMP,"Standard Motor Products",37.38,0.79,+2.16%,37.5,36.51,22178,"15:09 ET"
SMPL,"The Simply Good Foods Company",36.35,0.62,+1.74%,36.68,35.4,310877,"15:14 ET"
SMTC,"Semtech Corp",30.66,-0.12,-0.39%,31.19,30.19,380723,"15:13 ET"
SNBR,"Sleep Number Corp",33.72,0.85,+2.59%,34.29,32.34,181577,"15:12 ET"
SNCY,"Sun Country Airlines Holdings Inc",19.02,0.65,+3.54%,19.0811,18.38,82575,"15:06 ET"
SNEX,"Stonex Group Inc",93.52,1.23,+1.33%,93.68,91.2,73989,"15:02 ET"
SONO,"Sonos Inc",18.17,-0.18,-0.98%,18.43,18.03,681475,"15:14 ET"
SPNT,"Siriuspoint Ltd",6.36,0.06,+0.95%,6.375,6.275,193598,"15:14 ET"
SPSC,"Sps Commerce Inc",128.62,1.47,+1.16%,129.68,126.51,49730,"15:09 ET"
SPTN,"Spartannash Company",30.88,0.14,+0.46%,31.12,30.68,119711,"15:10 ET"
SPXC,"SPX Corp",70.57,0.69999999999999,+1.00%,70.95,69.7063,58904,"15:09 ET"
SRDX,"Surmodics Inc",36.16,-1.29,-3.44%,37.5,35.02,41814,"15:12 ET"
SSP,"E.W. Scripps Company",13.86,0.38,+2.82%,14.38,13.54,156945,"15:09 ET"
SSTK,"Shutterstock Inc",60.26,0.71,+1.19%,60.4,58.835,107154,"15:13 ET"
STAR,"Istar Financial Inc",8.42,0.0099999999999998,+0.12%,8.495,8.29,325678,"15:09 ET"
STBA,"S&T Bancorp Inc",33.72,0.42,+1.26%,34.18,33.23,89657,"15:10 ET"
STC,"Stewart Information Services Corp",47.26,1.08,+2.34%,47.575,46.23,67953,"15:12 ET"
STEL,"Stellar Bancorp Inc",30.17,0.49,+1.65%,30.33,29.505,43324,"15:14 ET"
STRA,"Strayer Education",87.86,1.05,+1.21%,88.32,85.01,77652,"15:09 ET"
SUPN,"Supernus Pharm",38.71,0.039999999999999,+0.10%,38.97,38.23,127905,"15:14 ET"
SVC,"Service Properties Trust",8.16,0.16,+2.00%,8.27,8.025,327030,"15:10 ET"
SXC,"Suncoke Energy Inc",8.92,0.22,+2.53%,8.95,8.74,340901,"15:10 ET"
SXI,"Standex International Corp",108.83,1.96,+1.83%,109.22,105.9,14899,"14:50 ET"
TALO,"Talos Energy Inc",19.84,0.87,+4.59%,20.01,19.17,425266,"15:14 ET"
TBBK,"The Bancorp Inc",30.27,0.16,+0.53%,30.59,29.95,81824,"15:06 ET"
TBI,"Trueblue Inc",20.5,0.24,+1.18%,20.58,20.26,50666,"15:09 ET"
TDS,"Telephone and Data Systems",11.56,-0.12,-1.03%,11.835,11.46,1265431,"15:14 ET"
TFIN,"Triumph Financial Inc",51.75,0.73,+1.43%,52.15,50.72,61916,"15:09 ET"
TG,"Tredegar Corp",11.73,-0.029999999999999,-0.26%,11.86,11.6,62231,"15:10 ET"
TGI,"Triumph Group",10.39,0.15,+1.46%,10.5,10.14,658090,"15:13 ET"
THRM,"Gentherm Inc",71.74,-1.18,-1.62%,73.48,71.67,57280,"15:07 ET"
THRY,"Thryv Holdings Inc",19.9,0.2,+1.02%,19.895,19.61,89167,"15:06 ET"
THS,"Treehouse Foods",49.01,-0.31,-0.63%,50.137,48.91,104201,"15:14 ET"
TILE,"Interface Inc",11.16,0.36,+3.33%,11.22,10.84,165168,"15:13 ET"
TMP,Tompkinstrustco,77.63,2.14,+2.83%,77.64,75.65,7348,"14:46 ET"
TMST,"Timken Steel Corp",19.18,0.36,+1.91%,19.19,18.7,168912,"15:14 ET"
TNC,"Tennant Company",67.47,1.35,+2.04%,67.65,66.25,24516,"15:12 ET"
TPH,"Tri Pointe Homes Inc",20.6,0.12,+0.59%,20.72,20.04,429121,"15:13 ET"
TR,"Tootsie Roll Industries",45.17,-0.61,-1.33%,45.84,44.99,50076,"15:10 ET"
TREE,"Lendingtree Inc",28.63,-0.24,-0.83%,29.34,27.77,214092,"15:10 ET"
TRMK,"Trustmark Corp",35.03,-0.009999999999998,-0.03%,35.4,34.82,109904,"15:12 ET"
TRN,"Trinity Industries",27.87,0.13,+0.47%,28.04,27.46,159799,"15:14 ET"
TRST,"Trustco Bank Corp NY",38.45,0.44,+1.16%,38.53,37.95,15041,"14:58 ET"
TRUP,"Trupanion Inc",53.8,-0.52,-0.96%,54.35,51.3,272289,"15:14 ET"
TSE,"Trinseo S.A.",26.88,0.88,+3.38%,27,26.185,171471,"15:14 ET"
TTEC,"Teletech Hlds",47.92,0.73,+1.55%,48.265,46.93,47850,"15:10 ET"
TTGT,"Techtarget Inc",46.73,0.75,+1.63%,46.99,45.61,108459,"15:12 ET"
TTMI,"TTM Technologies",16.81,0.34,+2.06%,16.89,16.38,142145,"15:14 ET"
TWI,"Titan International",17.07,0.32,+1.91%,17.29,16.81,185158,"15:11 ET"
TWNK,"Hostess Brands Inc",22.68,-0.080000000000002,-0.35%,22.9,22.57,512391,"15:14 ET"
TWO,"Two Harbors Invt Corp",17.39,0.41,+2.41%,17.445,16.995,400061,"15:14 ET"
UBA,"Urstadt Biddle Properties Inc",18.73,0.56,+3.08%,18.75,18.21,43059,"15:10 ET"
UCBI,"United Comm Banks",34.86,0.36,+1.04%,35.24,34.49,140460,"15:10 ET"
UCTT,"Ultra Clean Holdings",32.46,0.5,+1.56%,32.94,31.85,177194,"15:11 ET"
UE,"Urban Edge Properties",15.36,0.37,+2.47%,15.38,14.95,233182,"15:14 ET"
UEIC,"Universal Elect IN",23.75,-0.030000000000001,-0.13%,24.03,23.76,17954,"15:12 ET"
UFCS,"United Fire Group",28.99,0.39,+1.36%,29.2099,28.64,18663,"15:11 ET"
UFPI,"Universal Forest Prd",85.85,0.72999999999999,+0.86%,86.06,84.09,92312,"15:08 ET"
UHT,"Universal Health Realty Income Trust",51.45,0.85,+1.68%,51.8,50.71,22342,"15:08 ET"
UIS,"Unisys Corp",5.25,-0.0099999999999998,-0.19%,5.4,5.22,333906,"15:13 ET"
UNF,"Unifirst Corp",198.31,-0.22999999999999,-0.12%,199.265,196.52,61175,"15:14 ET"
UNFI,"United Nat Foods",40.52,-0.27,-0.66%,41.06,40.185,165273,"15:14 ET"
UNIT,"Uniti Group Inc",6.03,0.03,+0.50%,6.15,5.9313,798813,"15:14 ET"
URBN,"Urban Outfitters Inc",28.44,-0.27,-0.94%,29.39,28.305,943923,"15:14 ET"
USNA,"Usana Health Sciences Inc",58.04,0.57,+0.99%,58.18,57.31,15429,"15:13 ET"
USPH,"U.S. Physical Therapy",88.7,1.71,+1.97%,88.76,86.34,65081,"15:09 ET"
UTL,"Unitil Corp",53.23,0.81,+1.55%,53.42,51.97,21378,"15:08 ET"
UVE,"Universal Insurance Holdings Inc",11.86,0.51,+4.49%,11.9,11.4,159041,"15:13 ET"
UVV,"Universal Corp",53.11,0.61,+1.16%,53.35,52.695,90150,"15:05 ET"
VBTX,"Veritex Holdings",28.75,0.36,+1.27%,28.91,28.28,104490,"15:09 ET"
VCEL,"Vericel Corproation",29,1.38,+5.00%,29.02,27.38,405239,"15:13 ET"
VECO,"Veeco Instrument",20.71,0.58,+2.88%,20.81,20.19,237867,"15:13 ET"
VGR,"Vector Group Ltd",12.4,-0.049999999999999,-0.40%,12.52,12.37,200664,"15:14 ET"
VIAV,"Viavi Solutions",11.28,0.12,+1.08%,11.34,11.13,638815,"15:14 ET"
VIR,"Vir Biotechnology Inc",26.63,0.46,+1.76%,26.71,25.53,297353,"15:14 ET"
VIVO,"Meridian Bioscience",33.61,0.030000000000001,+0.09%,33.63,33.53,248918,"15:07 ET"
VNDA,"Vanda Pharmaceuticals",7.92,0.16,+2.06%,7.97,7.68,418139,"15:13 ET"
VRE,"Veris Residential Inc",17.08,0.52,+3.14%,17.145,16.59,236764,"15:08 ET"
VREX,"Varex Imaging Corp",20.8,0.080000000000002,+0.39%,20.95,20.67,169933,"15:13 ET"
VRTS,"Virtus Investment Partners",214.15,0.51000000000002,+0.24%,216.77,211.03,58780,"15:12 ET"
VRTV,"Veritiv Corp",125.22,3.47,+2.85%,127,121.8823,71703,"15:14 ET"
VSTO,"Vista Outdoor Inc",27.12,0.72,+2.73%,27.28,26.41,239405,"15:14 ET"
VTOL,"Bristow Group Inc",28.65,1.13,+4.11%,29.15,28.48,34300,"15:10 ET"
VVI,"Viad Corp",25.55,0.1,+0.39%,25.865,25.3262,101495,"15:11 ET"
WABC,"Westamerica Bancorp",57.88,0.40000000000001,+0.70%,58.32,57.33,39211,"14:55 ET"
WD,"Walker & Dunlop",90.25,1.24,+1.39%,91.32,88.81,66910,"15:14 ET"
WDFC,"W D 40 Company",171.11,1.69,+1.00%,171.93,167.4975,64349,"15:10 ET"
WGO,"Winnebago Industries",62.33,0.23999999999999,+0.39%,62.95,61.44,283965,"15:11 ET"
WIRE,"Encore Wire Cp",147.79,4.16,+2.90%,148,143.19,59716,"15:07 ET"
WNC,"Wabash National Corp",25.69,0.11,+0.43%,26.25,25.51,212791,"15:14 ET"
WRLD,"World Acceptance Cp",75.35,0.23999999999999,+0.32%,79.79,74.59,57408,"15:08 ET"
WSFS,"WSFS Financial Corp",48.56,1.06,+2.23%,49.17,47.46,110221,"15:14 ET"
WSR,"Whitestone REIT",10.32,0.27,+2.69%,10.353,10.09,115101,"15:09 ET"
WT,"Wisdomtree Inc",5.76,-0.07,-1.20%,5.86,5.76,222776,"15:14 ET"
WW,"Weight Watchers International Inc",4.24,-0.4,-8.62%,4.74,4.16,1135251,"15:14 ET"
WWW,"Wolverine World Wide",13.32,0.5,+3.90%,13.35,12.825,848087,"15:13 ET"
XHR,"Xenia Hotels & Resorts Inc",13.8,0.35,+2.60%,13.85,13.4,212009,"15:14 ET"
XNCR,"Xencor Inc",27.87,0.62,+2.28%,27.8,26.68,82740,"15:13 ET"
XPEL,"Xpel Technologies",70.22,1.6,+2.33%,71.25,68.47,112183,"15:13 ET"
XPER,"Xperi Inc",9.92,0.41,+4.31%,10.215,9.59,182052,"15:06 ET"
YELP,"Yelp Inc",28.77,0.09,+0.31%,28.95,28.42,355065,"15:14 ET"
ZEUS,"Olympic Steel Inc",38.69,2.28,+6.26%,38.68,36.3164,59716,"15:09 ET"
ZIMV,"Zimvie Inc",8.99,0.21,+2.39%,9.74,8.67,1855097,"15:14 ET"
ZUMZ,"Zumiez Inc",24.83,0.77,+3.20%,24.885,23.83,188815,"15:14 ET"
ZYXI,"Zynex Inc",16.4,0.099999999999998,+0.61%,16.38,16,96524,"15:08 ET"
"Downloaded from Barchart.com as of 01-12-2023 02:14pm CST"
